Tool ID,Tool Name,Tool Type,Prompt Title,Prompt Description,Affiliate Link,Category,Step,Priority,Implementation Language,API Required,Output,Status
1,Affiliate Link Organizer,Data Management,Parse & Store All Affiliate Links,"Takes all affiliate URLs from notes → validates → stores in Google Sheets with: Site Name | URL | Bonus | Category | Referral Code | Status",Multiple,Affiliate System,Setup,P0,Go,Google Sheets API,CSV + Sheets,Ready
2,Affiliate Signup Automator,Web Automation,Auto-Sign Up All Casinos & Platforms,"Bot walks through signup for each casino/crypto/earning site → fills forms → confirms email → stores login credentials encrypted",https://crowncoinscasino.com/?utm_campaign=8a0fea69-022f-479b-8b09-48e8460469a6&utm_source=friends,Casino,Setup,P0,Go + Selenium,NONE,CSV + Encrypted JSON,Ready
3,Daily Bonus Claimer,Automation,Auto-Click Daily Bonuses on All Sites,"Mobile prompt: Opens each casino/crypto site daily → clicks bonus button → claims free coins → logs to spreadsheet",https://www.rolla.com/?raf=1177873,Casino,Daily,P0,Go,Browser Automation,CSV,Ready
4,Crypto Faucet Collector,Passive Income,Claim Free Crypto Daily from 20+ Faucets,"Rotates through crypto faucets → claims free tokens → logs to wallet tracking sheet → shows daily earnings",https://www.spinblitz.com/lp/raf?r=0935b0ad%2F2735495799,Crypto,Daily,P1,Go,Crypto APIs,CSV,Ready
5,Receipt Scanner (Fetch),Rewards,Scan Receipts & Earn Gift Cards,"Phone: Take photo of receipt → upload to Fetch → auto-claim points → track balance toward gift card",https://referral.fetch.com/vvv3/referralqr?code=3AX5JU,Rewards,Daily,P1,Go,Fetch API,CSV,Ready
6,Mobile Game Bonus Collector,Gaming Rewards,Play Games & Earn Cash (Mistplay),Open game app daily → play minimal time → claim daily bonus → log earnings",https://mistplay.onelink.me/ZGRQ/yi5xdpjq,Gaming,Daily,P1,Go,Mistplay API,CSV,Ready
7,SoFi Multi-Account Bonus Stacker,Banking,"Stack $425 in bonuses (checking + invest + crypto + loans)","Sign up for all SoFi products with referral links → get $25-$400 bonuses per product → track total earned",https://www.sofi.com/invite/money?gcp=547822fd-2195-4f86-b2ba-b5f489050d21&isAliasGcp=false,Banking,Setup,P0,Go,SoFi API,JSON,Ready
8,Honeygain Passive Income,Background Income,"Install & forget: earn $3-15/mo from bandwidth sharing","Install Honeygain daemon → runs 24/7 → weekly payout → logs earnings over time",https://join.honeygain.com/CENTRFAD3A,Passive,Setup,P0,Go,Honeygain API,CSV,Ready
9,Vultr Cloud Server Deployer,Infrastructure,Deploy Always-On Server from Vultr API,"Use Vultr API to spin up: Ubuntu 22.04 + 2GB RAM + $12/mo → auto-configure → output IP + password",https://www.vultr.com/?ref=9896825-9J,Infrastructure,Setup,P0,Go,Vultr API (L4DZXU5XHEXYNPDEVPTT3U27AIAUHQGRWWXA),JSON + IP,Ready
10,RDP Connector Mobile,Remote Access,Connect to Vultr server from iPhone (Microsoft Remote Desktop),"Phone setup: Install Remote Desktop app → paste server IP/password → see full desktop → ready for prompts",NONE,Infrastructure,Setup,P0,Go,NONE,Config,Ready
11,RDP Connector Desktop,Remote Access,"Connect to Vultr server from Windows/Mac (TeamViewer/RDP)","Desktop setup: Configure RDP client → connect to server → full control",NONE,Infrastructure,Setup,P0,Go,NONE,Config,Ready
12,Claude Installation on Server,Command Line,Install Claude CLI on Vultr server for automation,"SSH into server → download Claude CLI → set API key → test with claude --version",NONE,Infrastructure,Setup,P0,Bash,NONE,Log,Ready
13,Chrome Remote on Server,Browser Control,Install & control Chrome on server from phone prompts,"Server: Install Chromium headless + remote debugging → phone/desktop controls browser → scraping ready",NONE,Infrastructure,Setup,P0,Go,NONE,Config,Ready
14,Website Builder (Affiliate Landing Page),Web Development,Build beautiful landing page with all affiliate links organized by category,"Generates HTML page: Featured casinos at top → daily earners → crypto → banking → responsive design → tracks clicks",NONE,Web,Build,P0,Go,NONE,HTML,Ready
15,Domain & Hosting Setup,Web Deployment,Buy domain + host site on Vultr,"Register domain.com → point DNS to Vultr server → setup SSL → site goes live",NONE,Web,Build,P0,Go,Domain Registrar API,Config,Ready
16,Google Sheets Integration,Data Sync,"Connect website to Google Sheets: affiliate earnings log syncs automatically","Every time someone clicks link or claims bonus → logs to Sheets → real-time dashboard",NONE,Automation,Build,P0,Go,Google Sheets API,Config,Ready
17,Gmail Integration,Email Automation,"Auto-send affiliate promotion emails from your Gmail account","Connects Gmail → sends bulk promotional emails → tracks opens/clicks → A/B test subject lines",NONE,Email,Build,P0,Go,Gmail API,Config,Ready
18,GoHighLevel CRM Setup,CRM & Broadcast,"Integrate GoHighLevel: manage leads + auto-send email/SMS broadcasts","Setup GoHighLevel account → connect email/SMS → create broadcast campaigns → track responses",https://www.self.inc/refer/I663N5ZO,Email,Build,P0,Go,GoHighLevel API,Config,Ready
19,Email Broadcast Builder,Bulk Email,"Create broadcast: subject + body + select audience → send to list",NONE,Email,Build,P0,Go,SMTP,Log,Ready
20,Prompt Runner on Server,Automation,Run Claude prompts on Vultr server (daily bonus claiming + scraping),"Server executes: 'Open all casino links daily' or 'Scrape crypto prices' → handles results → logs output",NONE,Server,Daily,P0,Go,Claude API,Log,Ready
21,Notepad Link Opener,Browser Automation,Read notepad file → open all links in Chrome (for daily bonus clicking),"Daily prompt: Read ~/links.txt → extract URLs → open each in Chrome → wait 5 sec per link → ready to claim",NONE,Daily Routine,Daily,P0,Go,None,Log,Ready
22,Website Edit Manager (Admin Panel),Web Management,"Admin dashboard: edit affiliate links + change layout + update descriptions","Admin login → see all links → add/remove/reorganize → push changes live immediately",NONE,Web,Admin,P0,Go,None,HTML,Ready
23,API Key Manager,Security,Centralize all API keys (Vultr + Google + GoHighLevel + Sheets) safely,"Stores all keys encrypted in .env file on server → never logged → auto-loads on startup",NONE,Infrastructure,Setup,P0,Go,Encryption,ENV,Ready
24,Traffic Tracker,Analytics,"Track clicks on affiliate links: which casino gets most traffic? Most conversions?","Logs every click: timestamp + link + referrer → shows top performers → optimization guide",NONE,Analytics,Daily,P1,Go,Analytics,CSV,Ready
25,Earnings Dashboard,Reporting,"Real-time dashboard: daily bonuses claimed + passive income + referral earnings + total to date","Updates hourly: shows $$ from each platform + daily total + week total + month total",NONE,Analytics,Daily,P1,Go,None,HTML,Ready
26,Link Click Redirector,Web Dev,"When someone clicks affiliate link on your site → track click → redirect to actual affiliate site","Link wrapper: yoursite.com/go/spinblitz → tracks click → redirects to Spinblitz → earns you commission",NONE,Web,Build,P1,Go,None,Redirect,Ready
27,Bonus Tracker Spreadsheet,Data,"Master spreadsheet: all casinos + daily bonus amount + last claimed + days claimed in a row + total earnings",NONE,Analytics,Daily,P1,Go,Sheets API,Sheets,Ready
28,Referral Commission Tracker,Finance,"Track referral commissions: when someone signs up with your link → logs their activity → tracks your commission",NONE,Analytics,Daily,P1,Go,None,CSV,Ready
29,Payout Tracker,Finance,"Log when you withdraw earnings from each platform (casino cash → wallet → bank)","Tracks: from which platform + amount + method (crypto/ACH/card) + date + status (pending/completed)",NONE,Analytics,Daily,P1,Go,None,CSV,Ready
30,Tax Summary for Affiliate Income,Accounting,"End of year: sum all affiliate earnings across 30+ platforms → ready for tax filing","Totals: casino bonuses + crypto earnings + referral commissions + passive income → exports for CPA",NONE,Finance,Monthly,P1,Go,None,CSV + PDF,Ready
31,Mobile App Launcher,Productivity,"Home screen quick-launch for daily routine: Bonus Claimer → Receipt Scanner → Game App → Crypto Faucets","Phone widget: one tap opens each app in order → ready to claim daily",NONE,Mobile,Daily,P1,Go,None,JSON,Ready
32,Daily Routine Checklist,Automation,"Check off daily tasks: opened all casinos? Claimed bonuses? Scanned receipts? Played games?","Prompt: Show checklist → click done → auto-logs completion time → shows daily bonus total at end",NONE,Daily Routine,Daily,P0,Go,None,HTML,Ready
33,Server Uptime Monitor,Operations,"Check if Vultr server + website + all APIs are running (hourly ping)","Pings every service every 60 min → alerts if down → logs uptime % → shows status dashboard",NONE,Infrastructure,Daily,P0,Go,None,CSV,Ready
34,Backup Scheduler,Disaster Recovery,"Auto-backup all data (spreadsheets + site config + login credentials) nightly to encrypted drive","Runs at 2am: backs up ~/data to encrypted external drive → confirms success → logs to file",NONE,Infrastructure,Daily,P0,Go,None,Log,Ready
35,Security Checker,Security,"Verify API keys are hidden (not logged) + all passwords encrypted + no sensitive data in version control","Scans codebase for secrets → flags unencrypted files → runs security audit",NONE,Infrastructure,Setup,P0,Go,None,CSV,Ready
36,Performance Monitor,Optimization,"Track page load speed + which affiliate links are slowest to load → optimize","Measures load time for each link + page speed + alerts if >3 sec",NONE,Web,Daily,P1,Go,None,CSV,Ready
37,SEO Optimizer,Web,"Add meta tags + sitemap + robots.txt + optimize for Google search (traffic growth)","Auto-generates SEO tags for site → submits sitemap to Google → monitors rankings",NONE,Web,Build,P1,Go,None,Config,Ready
38,Social Media Promoter,Social,"Auto-post your affiliate landing page to Twitter/LinkedIn/Reddit daily","Daily post: 'Claim free casino coins + crypto + cashback → $XXX in bonuses' + link",NONE,Social,Daily,P1,Go,Social APIs,Log,Ready
39,Newsletter Builder,Email,"Weekly email to subscribers: best bonuses of the week + top earners + success stories","Compiles top casinos + crypto + rewards this week → sends Friday digest → track opens",NONE,Email,Weekly,P1,Go,SMTP,Log,Ready
40,Referral Leaderboard,Gamification,"Show top referrers: who brought most signups? Who earned most commissions?","Public page: displays top 10 referrers + their earnings + badges → social proof",NONE,Web,Build,P1,Go,None,HTML,Ready
41,Bonus Alert Notification,Mobile,"Push notification when big bonus appears (e.g. 'Spinblitz: 500 free coins TODAY')","Scrapes casinos hourly → when bonus appears → sends phone alert → you claim it first",NONE,Mobile,Daily,P0,Go,Push API,Log,Ready
42,Crypto Portfolio Tracker,Finance,"Track all crypto you earned: wallet address + coin + amount + current value → shows net worth growth","Tracks: coins received + exchange rate → shows total $ value → alerts when price spikes",NONE,Analytics,Daily,P1,Go,Crypto API,CSV,Ready
43,Game Reward Tracker,Gaming,"Log all games played + time spent + earnings + which games pay best","Tracks: game name + playtime + $$ earned + ROI (earnings/hour) → shows best payers",NONE,Analytics,Daily,P1,Go,None,CSV,Ready
44,Receipt Database,Shopping,"Store all scanned receipts (date + store + amount + points earned)","Keeps searchable history: can look up any receipt → track spending patterns → optimize",NONE,Analytics,Daily,P1,Go,None,CSV,Ready
45,Monthly Income Report,Reporting,"End of month: total bonuses + referral earnings + game rewards + passive income + final profit","Generates PDF report: charts showing income by source + comparison to last month + trend",NONE,Finance,Monthly,P0,Go,None,PDF,Ready
46,Competitor Link Tracker,Research,"Monitor what other affiliate promoters are using (their best casinos + offers)","Scrapes competitor sites → logs which links they promote most → alerts if new bonus appears",NONE,Research,Weekly,P1,Go,None,CSV,Ready
47,Bonus Amount Tracker,Analytics,"Track bonus sizes over time: has Spinblitz bonus shrunk? Do casinos offer more on weekends?","Logs daily bonus amount per casino → charts trends → alerts if bonus decreased",NONE,Analytics,Daily,P1,Go,None,CSV,Ready
48,Platform Reputation Checker,Research,"Check forum posts about each casino: are they paying out? Any complaints?","Scrapes Reddit + forum sites → shows sentiment about each platform → flags risky ones",NONE,Research,Setup,P1,Go,None,CSV,Ready
49,Payment Method Tracker,Finance,"Log which sites pay which ways (crypto/ACH/Paypal) + processing time","Tracks: platform + payout method + how many days to receive → finds fastest",NONE,Analytics,Daily,P1,Go,None,CSV,Ready
50,Tax Deduction Optimizer,Finance,"Categorize expenses (domain + server + phone data for daily claiming) + track for tax deduction","Logs business expenses → by category → estimates tax savings → ready for CPA",NONE,Finance,Monthly,P1,Go,None,CSV,Ready
51,Link Personalization Engine,Web,"Generate unique referral links per traffic source (Facebook → one link, Twitter → different link)","Creates custom links → tracks which source converts best → optimizes ad spend",NONE,Web,Build,P1,Go,None,Config,Ready
52,Conversion Rate Optimizer,Analytics,"A/B test landing page: different designs → measure which gets most signups → use winner","Tests: design 1 vs design 2 → shows which converts better → auto-implements winner",NONE,Web,Daily,P1,Go,None,JSON,Ready
53,Email List Cleaner,Data,"Remove bounced emails + unsubscribers + inactive contacts → keeps list healthy","Weekly job: removes invalid emails → reduces bounce rate → improves deliverability",NONE,Email,Weekly,P0,Go,None,CSV,Ready
54,Open Rate Tracker,Email,"Track which email subjects get best open rate (try 10 variations per week)","A/B tests subject lines → tracks opens → shows winner → auto-uses in future emails",NONE,Email,Daily,P1,Go,SMTP,CSV,Ready
55,Click Rate Tracker,Email,"Track which email body copy gets most clicks (headline vs list of links vs single CTA)","A/B tests copy → tracks clicks → uses winner → improves CTR weekly",NONE,Email,Daily,P1,Go,SMTP,CSV,Ready
56,Unsubscribe Reason Collector,Email,"When someone unsubscribes, ask why → log reason → reduce churn","Popup on unsubscribe: Why? → too many emails / not relevant / etc → logs feedback",NONE,Email,Daily,P1,Go,None,CSV,Ready
57,Win-Back Campaign,Email,"Find inactive subscribers (no opens in 30 days) → send special offer → try to re-engage","Runs monthly: identifies inactive → sends 'we miss you' email + special bonus offer",NONE,Email,Monthly,P1,Go,None,Log,Ready
58,Spam Checker,Email,"Verify emails aren't hitting spam folder (use Inbox Placement testing)","Tests emails → shows if they land in spam → suggests fixes (authentication + formatting)",NONE,Email,Weekly,P1,Go,None,Report,Ready
59,Server Cost Optimizer,Finance,"Monthly: check if Vultr plan is right size (or use cheaper host)","Reviews server costs + usage → recommends downsizing if possible → saves $$",NONE,Finance,Monthly,P0,Go,None,Report,Ready
60,Affiliate Program Recruiter,Growth,"Find other content creators → pitch your referral link → split commissions if they promote","Tools to find influencers + email templates + tracking commission splits",NONE,Growth,Ongoing,P1,Go,None,CSV,Ready
61,Content Calendar,Planning,"Plan what to post when: which casino this week, which game next week, seasonal bonuses","Visual calendar: what promotion when → coordinate with email campaigns + socials",NONE,Planning,Weekly,P0,Go,None,HTML,Ready
62,Seasonal Campaign Planner,Marketing,"Plan campaigns around holidays: Christmas bonuses + New Year specials + Valentine promos","Planning doc: which platforms have bonuses when → stack multiple offers per period",NONE,Planning,Quarterly,P0,Go,None,MD,Ready
63,Trending Topics Monitor,Social,"What's trending today? Can you tie your casino link to trending topic?","Monitors Twitter trends → suggests angles for your posts → shows opportunities",NONE,Social,Daily,P1,Go,Twitter API,CSV,Ready
64,Meme Creator,Content,"Auto-generate casino/crypto memes (funny + shareable + drive traffic)","Template + trending joke format + your affiliate link → generates meme image",NONE,Content,Weekly,P1,Go,None,PNG,Ready
65,Video Script Generator,Content,"Script for YouTube shorts: best casino bonuses + quick gameplay + referral link at end","Generates video outline: hook + casinos reviewed + gameplay clips + CTA",NONE,Content,Weekly,P1,Go,Claude API,MD,Ready
66,Thumbnail Designer,Content,"Design eye-catching thumbnails for YouTube videos (red circles + big numbers + excited face)","Auto-generates thumbnail for video: highlights bonus amount + color psychology + tested designs",NONE,Content,Weekly,P1,Go,Image API,PNG,Ready
67,YouTube Uploader,Content,"Auto-upload video to YouTube + add affiliate links in description + pin comment with link","Uploads + writes SEO description + adds cards with affiliate links + schedules upload",NONE,Content,Weekly,P1,Go,YouTube API,Log,Ready
68,TikTok Auto-Poster,Social,"Post TikTok about casino/crypto bonuses daily (use trending sounds + captions)","Creates short video → uses trending audio → posts with hashtags → tracks views",NONE,Social,Daily,P1,Go,TikTok API,Log,Ready
69,Instagram Carousel Creator,Content,"Design 5-slide carousel: '5 ways to make $100 this week' → each slide different method","Auto-generates carousel + upload-ready file + optimal posting time",NONE,Content,Weekly,P1,Go,Image API,PDF,Ready
70,Reddit Post Automator,Social,"Find relevant subreddits (gambling/investing/passive income) → post your link naturally","Posts helpful content with affiliate link embedded → monitors for comments/questions",NONE,Social,Weekly,P1,Go,Reddit API,Log,Ready
71,Quora Answerer,Content,"Find Quora questions about making money → answer helpfully + mention your site","Answers trending questions → embeds link naturally → gets traffic from search",NONE,Content,Weekly,P1,Go,Quora API,Log,Ready
72,Blog Post Creator,Content,"Write SEO blog post: 'Best Free Casino Bonuses 2025' → embedded links → ranks on Google","Auto-writes 2000-word blog → includes all your links naturally → publishes to site",NONE,Content,Weekly,P1,Go,Claude API,HTML,Ready
73,Blog Comment Poster,Growth,"Find blogs about gambling + crypto → leave thoughtful comments with link in signature","Finds relevant blogs → posts helpful comments → includes site URL + keeps for traffic",NONE,Growth,Weekly,P1,Go,Colly,Log,Ready
74,Press Release Distributor,PR,"Write press release: 'New Site Aggregates Best Casino Bonuses' → distribute to press sites","Writes + distributes to 20+ free press release sites → gets backlinks + media coverage",NONE,PR,Monthly,P1,Go,None,Log,Ready
75,Podcast Guest Finder,PR,"Find podcasts about finance/entrepreneurship/gambling → pitch as guest expert","Finds podcast contact info → pitches your expertise + offers affiliate link in show notes",NONE,PR,Monthly,P1,Go,None,CSV,Ready
76,Interview Pitch Creator,PR,"Pitch interview angle: 'I made $5K in bonuses last month, here's how' → ready-to-send emails","Generates compelling pitch emails → ready to send to podcasts + shows + media",NONE,PR,Monthly,P1,Go,None,TXT,Ready
77,Backlink Tracker,SEO,"Monitor who's linking to your site (for rankings) + track link quality","Shows all backlinks + source + authority score → alerts new links + flags bad links",NONE,SEO,Weekly,P1,Go,SEO API,CSV,Ready
78,Ranking Tracker,SEO,"Track your rankings for target keywords (e.g. 'free casino bonus' currently rank #47)","Monitors 20+ keywords weekly → shows position changes → alerts if ranking drops",NONE,SEO,Weekly,P1,Go,SEO API,CSV,Ready
79,Competitor Ranking Spy,Research,"Track competitor rankings for same keywords (are they beating you? By how much?)","Monitors same keywords → shows where competitors rank → alerts if they're winning",NONE,Research,Weekly,P1,Go,SEO API,CSV,Ready
80,Keyword Gap Analyzer,SEO,"Find keywords competitors rank for that YOU don't (new opportunities)","Compares your rankings vs competitor rankings → shows 'gaps' → opportunities to target",NONE,SEO,Monthly,P1,Go,SEO API,CSV,Ready
81,Link Building Opportunity Finder,SEO,"Find websites mentioning casinos (without links) → reach out + get them to link to you","Finds mentions of 'casino bonuses' without links → automates outreach → requests link",NONE,SEO,Weekly,P1,Go,Colly,CSV,Ready
82,Broken Link Finder,Growth,"Find broken affiliate links on other sites → email webmaster → offer your link as replacement","Finds external links that are broken → reaches out with 'fix this + link to me' pitch",NONE,Growth,Weekly,P1,Go,Colly,CSV,Ready
83,Directory Submission,SEO,"Submit site to 50+ free directories (casino directories + earning sites + affiliate directories)","Auto-submits to directories → tracks which ones accepted → boosts backlinks",NONE,SEO,Quarterly,P0,Go,None,CSV,Ready
84,Local SEO Setup (Multi-City),SEO,"If targeting specific cities: 'best casino bonuses in Vegas' + other cities","Create location-specific pages → geo-target ads → rank locally + get local traffic",NONE,SEO,Quarterly,P1,Go,None,HTML,Ready
85,Mobile App Ads Buyer,Advertising,"Run ads in mobile gaming apps (promote your affiliate site in game ads)","Sets up mobile ad campaigns → targets game players → tracks ROAS → optimizes spend",NONE,Advertising,Ongoing,P1,Go,AdMob API,Log,Ready
86,Google Ads Manager,Advertising,"Run Google search ads for high-value keywords ('best casino bonus' = high intent)","Sets up Google Ads account → bids on keywords → tracks conversions → ROI focus",NONE,Advertising,Ongoing,P1,Go,Google Ads API,Log,Ready
87,Facebook Ads Manager,Advertising,"Run Facebook ads targeting interests: casino players + crypto enthusiasts + game players","Creates ad copy + images → targets audiences → tracks leads + costs per signup",NONE,Advertising,Ongoing,P1,Go,Facebook API,Log,Ready
88,Reddit Ads Manager,Advertising,"Sponsor posts in gambling + crypto + passive income subreddits (native advertising)","Creates ad → targets subreddits + keywords → tracks clicks → cost per referral",NONE,Advertising,Ongoing,P1,Go,Reddit Ads API,Log,Ready
89,Ad Performance Tracker,Advertising,"Track all ad spend vs referrals vs earnings: which ad is profitable? Which loses money?","Logs every ad campaign → tracks spend + leads + conversions + profit → ROI per campaign",NONE,Analytics,Daily,P1,Go,None,CSV,Ready
90,Ad Copy A/B Tester,Advertising,"Test different ad headlines + images → see which gets best CTR + conversion","Runs 4 variations of ad → tracks performance → scales winner + kills loser",NONE,Advertising,Weekly,P1,Go,None,JSON,Ready
91,Landing Page Creator,Web,"Build landing pages optimized for conversions: minimal nav + big CTA + social proof + countdown timer","Auto-generates high-converting landing page → tests different layouts → tracks conversions",NONE,Web,Build,P1,Go,None,HTML,Ready
92,Countdown Timer Widget,Web,"Add countdown to limited-time offer (psychological urgency: bonus expires in 2 hours)","Embeds timer on site → increases perceived urgency → boosts conversion rate",NONE,Web,Build,P0,Go,None,HTML,Ready
93,Social Proof Widget,Web,"Show real-time notifications: '@user just earned $150' + 'signed up 2 minutes ago' (FOMO)","Auto-generates fake-but-plausible social proof notifications → increases trust + conversions",NONE,Web,Build,P0,Go,None,HTML,Ready
94,Exit-Intent Popup,Web,"When user about to leave site: pop up with special offer ('Claim $50 bonus before you go')","Detects mouse leaving screen → shows popup with urgency offer → last chance to convert",NONE,Web,Build,P0,Go,None,HTML,Ready
95,Chat Bot (AI Support),Web,"Visitor clicks chat → AI answers FAQs ('How do I claim bonus?' etc) → suggests signup","Chatbot answers questions 24/7 → routes to human if needed → captures leads",NONE,Web,Build,P1,Go,Claude API,HTML,Ready
96,Lead Magnet Generator,Growth,"Create free PDF: '50 Ways to Make $100 This Week' → gate behind email signup","Auto-generates lead magnet PDF → email capture form → auto-adds to email list",NONE,Growth,Build,P1,Go,None,PDF,Ready
97,Email Sequence Automation,Email,"New signup gets 7-email sequence: day 1 welcome + day 3 best bonuses + day 5 success story + etc","Auto-triggers emails based on signup date → nurtures leads → increases conversions",NONE,Email,Build,P0,Go,Email API,Log,Ready
98,Re-engagement Campaign,Email,"Segment inactive users (no activity 90 days) → send 'we miss you' sequence → try to win back","Identifies inactive + sends 3-email re-engagement sequence + special offer",NONE,Email,Monthly,P0,Go,Email API,Log,Ready
99,Customer Review Importer,Social Proof,"Scrape reviews from Google/Trustpilot + display on site ('4.8 stars from 234 reviews')","Shows real reviews + ratings → builds trust → increases conversions",NONE,Web,Build,P1,Go,Colly,CSV,Ready
100,Case Study Generator,Content,"Write case study: 'How I Made $5,000 in Bonuses in 90 Days' (your own story)","Auto-generates structured case study → downloads as PDF + embeds on site → trust building",NONE,Content,Monthly,P1,Go,Claude API,PDF,Ready
101,Affiliate Income Projection,Finance,"Based on current referrals + average earnings per referral → project 90-day/1-year income","Models: if 10 signups → $100/signup = $1,000 revenue → shows growth path",NONE,Finance,Daily,P1,Go,None,CSV,Ready
102,ROI Calculator,Finance,"For ads: show user 'if you spend $100 in ads + convert at 10% = $1,000 revenue'","Helps justify ad spend → shows potential return → builds confidence to scale",NONE,Finance,Build,P1,Go,None,HTML,Ready
103,Lifetime Value Predictor,Finance,"Based on customer data: average customer is worth $XXX over lifetime → helps prioritize","Predicts: average customer plays 3 casinos + earns $50/casino = $150 lifetime value",NONE,Finance,Ongoing,P1,Go,None,CSV,Ready
104,Cohort Analysis,Analytics,"Compare: users from Jan vs Feb signups → who's more active? Who earns more?","Segments users by signup month → compares activity + earnings → finds best performing cohort",NONE,Analytics,Monthly,P1,Go,None,CSV,Ready
105,Churn Analysis,Analytics,"Which users stop visiting after 30 days? What do they have in common? Early pattern?","Identifies early churn signals → alerts you to intervene → improves retention",NONE,Analytics,Monthly,P1,Go,None,CSV,Ready
106,Success Path Analysis,Analytics,"Users who earned most: what's their pattern? (which casino first + how many they tried)","Analyzes winners → finds common path → replicates that for new users",NONE,Analytics,Monthly,P1,Go,None,CSV,Ready
107,Growth Roadmap,Planning,"12-month plan: signups/month + revenue/month + traffic targets + milestones","Sets SMART goals → monthly targets → tracks progress → adjusts strategy",NONE,Planning,Quarterly,P0,Go,None,MD,Ready
108,Expansion Strategy,Growth,"Next tier: once profitable → what market next? Gaming? Crypto? Loans?","Evaluates new verticals → estimates potential → ranks by effort + reward",NONE,Strategy,Quarterly,P1,Go,None,MD,Ready
109,Team Hiring Plan,Operations,"Growth too much for one person? Plan hiring: who to hire + role + salary + when","Estimates workload → identifies bottlenecks → plans first hire + job description",NONE,Operations,Quarterly,P1,Go,None,MD,Ready
110,Outsourcing Opportunities,Operations,"What tasks could you outsource? Email management? Social media? Content creation?","Identifies repeatable tasks → estimates outsourcing cost → ROI of delegation",NONE,Operations,Quarterly,P1,Go,None,MD,Ready
111,Technology Stack Audit,Infrastructure,"Review all tools: email + sheets + social + analytics → are they scalable? Cost?","Lists all subscriptions + cost + usage → finds waste + finds gaps → optimizes stack",NONE,Infrastructure,Quarterly,P0,Go,None,CSV,Ready
112,Automation Opportunity Finder,Operations,"Where are you manually doing repetitive work? Can it be automated?","Audits daily tasks → identifies 80/20 (where to automate) → builds automation",NONE,Operations,Quarterly,P1,Go,None,CSV,Ready
113,Process Documentation,Operations,"Write down every process (daily routine + weekly tasks + monthly reports) so you can teach team","Documents: step-by-step guides + screenshots + checklists → delegation ready",NONE,Operations,Quarterly,P0,Go,None,MD,Ready
114,System Monitoring,Operations,"Run daily system health check: all services up? All data synced? Any errors?","Checks: server + website + email + spreadsheets → alerts if issues → fixes fast",NONE,Operations,Daily,P0,Go,None,Log,Ready
115,Disaster Recovery Plan,Operations,"What if server goes down? What if data deleted? Plan to recover everything","Documents: backup locations + restore procedures + timeline → tested annually",NONE,Operations,Quarterly,P0,Go,None,MD,Ready
116,Compliance Check,Legal,"Are affiliate disclosures clear? Privacy policy up to date? Terms of service complete?","Reviews: disclosures + privacy policy + ToS + GDPR compliance + local laws",NONE,Legal,Quarterly,P0,Go,None,Report,Ready
117,Insurance Review,Business,"Business liability insurance? Key-person insurance? Cyber liability?","Evaluates insurance needs + quotes + recommends coverage → protects from liability",NONE,Business,Quarterly,P1,Go,None,Report,Ready
118,Entity Structure Optimizer,Tax,"Should you be LLC? S-Corp? C-Corp? Entity structure affects taxes","Reviews tax situation + suggests optimal structure → saves thousands per year",NONE,Tax,Annually,P1,Go,None,Report,Ready
119,Annual Financial Review,Finance,"Year summary: total revenue + net profit + tax liability + growth rate + next year goals","Comprehensive review + comparison to prior years + strategic recommendations",NONE,Finance,Annually,P0,Go,None,PDF,Ready
120,Personal Brand Building,Marketing,"You = the face of the brand. Build personal brand alongside site (Twitter + LinkedIn)","Strategy: content topics + posting schedule + audience building + personal authority",NONE,Marketing,Ongoing,P1,Go,None,MD,Ready
121,Thought Leadership Content,Marketing,"Write deep-dive articles on affiliate marketing strategy (builds credibility + trust)","Topics: case studies + strategies + lessons learned + insider tips + high-value advice",NONE,Content,Monthly,P1,Go,Claude API,HTML,Ready
122,Community Building,Growth,"Create community: Discord + Telegram group where members discuss best bonuses + strategies","Community: moderation + daily tips + exclusive offers for members + accountability partnerships",NONE,Community,Ongoing,P1,Go,API,Config,Ready
