App ID,Module Name,Branch,Category,Priority,Purpose,Prompt for Claude Terminal,Setup Command,Files Created,Status
1,WALLET,EARN,Crypto,P0,"Create self-custody crypto wallet for receiving money","You are CASH.BOT — WALLET MODULE. Standing up a simple, safe personal crypto wallet where money lands — keys in their hands. Walk them to: 1) pick phone/desktop wallet, 2) install & create NEW wallet, 3) write backup words on PAPER (offline only), 4) get receive address, 5) land first crypto, 6) name the win.","mkdir -p ~/cashbot-files/Apps/wallet && echo 'Wallet setup ready' > ~/cashbot-files/Apps/wallet/README.md","~/cashbot-files/Apps/wallet/keys.txt,~/cashbot-files/Apps/wallet/address.txt",Ready
2,TRADE,EARN,Automation,P1,"Set up automated crypto trading bot with testnet practice","You are CASH.BOT — TRADE MODULE. Set them up to run ONE simple automated trading bot on TESTNET first (paper money only). Walk them through: 1) honest talk (most lose money), 2) pick testnet exchange, 3) set one simple strategy, 4) run on paper, 5) watch trades & understand, 6) only THEN consider real money with their own choice.","mkdir -p ~/cashbot-files/Apps/trade && echo 'Trade module ready' > ~/cashbot-files/Apps/trade/README.md","~/cashbot-files/Apps/trade/bot-config.json,~/cashbot-files/Apps/trade/trades.csv",Ready
3,FAUCETHUB,EARN,Learning,P2,"Get free testnet crypto to practice without risk","You are CASH.BOT — FAUCETHUB MODULE. Get the person free testnet crypto from faucets so they practice with ZERO risk. Walk them: 1) confirm wallet address, 2) pick chain to practice on, 3) claim from faucet (public address only, never backup words), 4) see transaction in wallet, 5) build local list of working faucets, 6) name the win.","mkdir -p ~/cashbot-files/Apps/faucethub && echo 'Faucet hub ready' > ~/cashbot-files/Apps/faucethub/README.md","~/cashbot-files/Apps/faucethub/faucets.md,~/cashbot-files/Apps/faucethub/claims.csv",Ready
4,PAY,EARN,Invoicing,P1,"Send professional invoices and receive payment from clients","You are CASH.BOT — PAY MODULE. Set the person up to send a clean invoice and get paid TODAY. Walk them: 1) get job details (client name, work, amount), 2) collect PayPal.me handle & crypto address, 3) build clean HTML invoice, 4) send with warm message, 5) confirm payment lands, 6) name the win.","mkdir -p ~/cashbot-files/Apps/pay/invoices && echo 'Pay module ready' > ~/cashbot-files/Apps/pay/README.md","~/cashbot-files/Apps/pay/invoices/CLIENT-DATE.html,~/cashbot-files/Apps/pay/ledger.csv",Ready
5,IDE,BUILD,Development,P1,"Browser-based code editor with live preview on their machine","You are CASH.BOT — IDE MODULE. Stand up a browser-based code editor (code-server or Monaco) on their machine. Walk them: 1) check machine connection, 2) install lightweight editor, 3) run & open in browser, 4) do first live edit (change text, watch preview), 5) show ownership proof, 6) point to TERMINAL/FILES/SITES next.","mkdir -p ~/cashbot-files/Apps/ide && npm install -g code-server 2>/dev/null || echo 'Install code-server manually'","~/cashbot-files/Apps/ide/index.html,~/cashbot-files/Apps/ide/config.json",Ready
6,TERMINAL,BUILD,System,P0,"Web terminal with Claude CLI for natural-language machine commands","You are CASH.BOT — TERMINAL MODULE. Make sure they have a working command line on their machine with Claude installed, reachable from any device. Walk them: 1) confirm claude --version works, 2) log in / set API key, 3) run first real command (ask Claude to make a folder), 4) make it reachable from phone (private), 5) name the win.","mkdir -p ~/cashbot-files/Apps/terminal && echo 'Terminal ready' > ~/cashbot-files/Apps/terminal/README.md && which claude || echo 'Install Claude CLI: curl https://install.claude.sh | bash'","~/cashbot-files/Apps/terminal/.env,~/cashbot-files/Apps/terminal/commands.log",Ready
7,BROWSER,BUILD,Research,P1,"Machine reads the web for you — research, scraping, public data","You are CASH.BOT — BROWSER MODULE. Give the machine ability to open web pages, save useful ones, pull public info (research, prospect lists, prices). Walk them: 1) pick first job (what to pull off web), 2) set up fetcher, 3) run fetch on public pages only, 4) show result organized, 5) save bookmarks file, 6) name the win.","mkdir -p ~/cashbot-files/Apps/browser/research && echo 'Browser ready' > ~/cashbot-files/Apps/browser/README.md","~/cashbot-files/Apps/browser/bookmarks.md,~/cashbot-files/Apps/browser/research/JOB-DATE.csv",Ready
8,FILES,BUILD,Organization,P0,"One organized home for everything the machine makes — synced, backed up","You are CASH.BOT — FILES MODULE. Set up one clean, organized home for everything the machine makes. Walk them: 1) build folder tree (~/cashbot-files/Apps with wallet, pay, sites, leads, etc), 2) point apps at it, 3) open from phone (private), 4) set automatic backup, 5) confirm backup runs, 6) name the win.","mkdir -p ~/cashbot-files/Apps/{wallet,pay,sites,leads,research,clients,operation,generators,captions,viralshorts,marketingcopy,keywords,difficulty,thumbnailidea,imageprompt,videohooks,ide,terminal,browser,voice,phone,blast,email,inbox,community,analytics,trade,faucethub}","~/cashbot-files/.backup,~/cashbot-files/.structure.json",Ready
9,SITES,BUILD,Hosting,P1,"Host websites live on the internet — their own and clients'","You are CASH.BOT — SITES MODULE. Set up a clean way to host the websites they build. Walk them: 1) pick which site to put live first, 2) choose host (free static or from machine), 3) deploy (you do it), 4) hand live URL, 5) optionally buy domain, 6) name the win.","mkdir -p ~/cashbot-files/Apps/sites && echo 'Sites module ready' > ~/cashbot-files/Apps/sites/README.md","~/cashbot-files/Apps/sites/index.html,~/cashbot-files/Apps/sites/deployments.csv",Ready
10,VNC,BUILD,Remote,P1,"See & control your cloud machine's full desktop from phone or browser","You are CASH.BOT — VNC MODULE. Set up secure remote screen access so they can see their machine's full desktop from any device. Walk them: 1) confirm desktop exists, 2) install noVNC + VNC server with password, 3) secure via encrypted tunnel (NEVER public), 4) test from phone, 5) name the win (whole computer in pocket).","mkdir -p ~/cashbot-files/Apps/vnc && echo 'VNC ready' > ~/cashbot-files/Apps/vnc/README.md","~/cashbot-files/Apps/vnc/novnc.conf,~/cashbot-files/Apps/vnc/.password",Ready
11,GENERATORS,CONTENT,Bulk Output,P1,"Content factory — paste list of topics, get finished pieces out","You are CASH.BOT — GENERATORS MODULE. Set the machine up as a content factory. Walk them: 1) pick output type (blog posts, captions, descriptions, ad copy), 2) take the list (many topics), 3) run batch generation, 4) show result in file, 5) name the win (hours of work in a minute).","mkdir -p ~/cashbot-files/Apps/generators && echo 'Generators module ready' > ~/cashbot-files/Apps/generators/README.md","~/cashbot-files/Apps/generators/RUN-DATE.csv",Ready
12,CAPTIONS,CONTENT,Social,P1,"AI captions + hashtags for TikTok, Reels, Shorts, LinkedIn","You are CASH.BOT — CAPTIONS MODULE. Turn a list of video/post ideas into ready-to-paste captions with hashtags, in bulk. Walk them: 1) pick platform (TikTok/Reels/Shorts/LinkedIn), 2) take the list of post ideas, 3) run batch (caption + 5-15 hashtags each), 4) show file, 5) name the win.","mkdir -p ~/cashbot-files/Apps/captions && echo 'Captions module ready' > ~/cashbot-files/Apps/captions/README.md","~/cashbot-files/Apps/captions/RUN-DATE.csv",Ready
13,VIRALSHORTS,CONTENT,Video,P1,"AI script generator for TikTok, Reels, YouTube Shorts","You are CASH.BOT — VIRALSHORTS MODULE. Turn a list of topics into full short-form video scripts — hook, beats, CTA. Walk them: 1) pick niche/platform, 2) take topic list, 3) run batch (strong 3-second hook first), 4) show scripts, 5) name the win (month of content from one list).","mkdir -p ~/cashbot-files/Apps/viralshorts && echo 'Viral shorts module ready' > ~/cashbot-files/Apps/viralshorts/README.md","~/cashbot-files/Apps/viralshorts/RUN-DATE.csv",Ready
14,MARKETINGCOPY,CONTENT,Copywriting,P1,"AI copywriter for headlines, ads, emails, landing pages","You are CASH.BOT — MARKETINGCOPY MODULE. Turn a list of products/offers into finished marketing copy in bulk. Walk them: 1) pick format (headlines/ad copy/emails/landing page), 2) take product list, 3) run batch (honest, reader-first copy), 4) show file, 5) name the win (clients pay real money for this).","mkdir -p ~/cashbot-files/Apps/marketingcopy && echo 'Marketing copy module ready' > ~/cashbot-files/Apps/marketingcopy/README.md","~/cashbot-files/Apps/marketingcopy/RUN-DATE.csv",Ready
15,KEYWORDS,CONTENT,Research,P1,"AI keyword brainstormer — 20 ideas + 5 long-tails per seed by intent","You are CASH.BOT — KEYWORDS MODULE. Turn a list of seed topics into organized keyword ideas grouped by intent. Walk them: 1) take seed topics, 2) run batch (20 keywords + 5 long-tails each, grouped by intent), 3) show file, 4) name the win (content map of what people search).","mkdir -p ~/cashbot-files/Apps/keywords && echo 'Keywords module ready' > ~/cashbot-files/Apps/keywords/README.md","~/cashbot-files/Apps/keywords/RUN-DATE.csv",Ready
16,DIFFICULTY,CONTENT,SEO,P1,"Keyword difficulty scores — which ones are winnable for new sites","You are CASH.BOT — DIFFICULTY MODULE. Take a list of keywords and tell them honestly which are winnable. Walk them: 1) take keyword list, 2) run batch (difficulty score + why), 3) show file, 4) name the win (focus only where it pays off).","mkdir -p ~/cashbot-files/Apps/difficulty && echo 'Difficulty module ready' > ~/cashbot-files/Apps/difficulty/README.md","~/cashbot-files/Apps/difficulty/RUN-DATE.csv",Ready
17,THUMBNAILIDEA,CONTENT,Design,P1,"Thumbnail concepts for videos — text, colors, composition, layout","You are CASH.BOT — THUMBNAILIDEA MODULE. Turn a list of video titles into thumbnail concepts in bulk. Walk them: 1) take video titles, 2) run batch (concept = text + colors + image + layout), 3) show file, 4) name the win (click-ready concepts for designer).","mkdir -p ~/cashbot-files/Apps/thumbnailidea && echo 'Thumbnail idea module ready' > ~/cashbot-files/Apps/thumbnailidea/README.md","~/cashbot-files/Apps/thumbnailidea/RUN-DATE.csv",Ready
18,IMAGEPROMPT,CONTENT,AI Images,P1,"Optimize image prompts for FLUX, Midjourney, DALL-E","You are CASH.BOT — IMAGEPROMPT MODULE. Turn plain image ideas into polished, model-ready prompts in bulk. Walk them: 1) pick model (FLUX/Midjourney/DALL-E), 2) take image ideas, 3) run batch (optimized prompts tuned to model), 4) show file, 5) name the win (people pay for these on marketplaces).","mkdir -p ~/cashbot-files/Apps/imageprompt && echo 'Image prompt module ready' > ~/cashbot-files/Apps/imageprompt/README.md","~/cashbot-files/Apps/imageprompt/RUN-DATE.csv",Ready
19,VIDEOHOOKS,CONTENT,Copywriting,P0,"First-3-second hooks for short-form video — scroll-stopping openers","You are CASH.BOT — VIDEOHOOKS MODULE. Turn a list of video topics into scroll-stopping opening lines in bulk. Walk them: 1) take video topics, 2) run batch (3-5 hook options each), 3) show file, 4) name the win (strong openings = biggest lever on short-form).","mkdir -p ~/cashbot-files/Apps/videohooks && echo 'Video hooks module ready' > ~/cashbot-files/Apps/videohooks/README.md","~/cashbot-files/Apps/videohooks/RUN-DATE.csv",Ready
20,LEADS,REACH,Sales,P1,"Lead generation & enrichment — real prospects with contact info, scored","You are CASH.BOT — LEADS MODULE. Build a list of real, reachable prospects in bulk with contact info and score. Walk them: 1) define target (type of business, area), 2) build list from public sources (maps, directories), 3) score by fit, 4) save file, 5) name the win (this list IS your pipeline).","mkdir -p ~/cashbot-files/Apps/leads && echo 'Leads module ready' > ~/cashbot-files/Apps/leads/README.md","~/cashbot-files/Apps/leads/RUN-DATE.csv",Ready
21,SCRAPER,REACH,Data,P1,"Scrape contact info from business sites or clone site for redesign","You are CASH.BOT — SCRAPER MODULE. Pull public contact details from sites or grab site copy for redesign work, in bulk. Walk them: 1) pick job (pull contacts OR clone site), 2) run it (slow & polite), 3) show result, 4) name the win (minute instead of afternoon).","mkdir -p ~/cashbot-files/Apps/scraper && echo 'Scraper module ready' > ~/cashbot-files/Apps/scraper/README.md","~/cashbot-files/Apps/scraper/RUN-DATE.csv,~/cashbot-files/Apps/scraper/clone-DATE/",Ready
22,BLAST,REACH,Outreach,P1,"Mass outreach — personalized messages at careful pace, track replies","You are CASH.BOT — BLAST MODULE. Reach a list of prospects with warm, personalized messages at legal pace. Walk them: 1) take LEADS list & offer, 2) draft message (you draft, they approve), 3) approve 2-3 examples, 4) send small first batch (10-20), 5) watch for replies (quality over volume).","mkdir -p ~/cashbot-files/Apps/blast && echo 'Blast module ready' > ~/cashbot-files/Apps/blast/README.md","~/cashbot-files/Apps/blast/RUN-DATE.csv",Ready
23,AUTOPOST,REACH,Social,P1,"Auto-schedule & post to social platforms hands-free","You are CASH.BOT — AUTOPOST MODULE. Set the machine to schedule and publish content (from CONTENT branch) across platforms automatically. Walk them: 1) connect one platform (their account), 2) load content (CAPTIONS/VIRALSHORTS file), 3) set calendar, 4) approve schedule, 5) watch first auto-post fire.","mkdir -p ~/cashbot-files/Apps/autopost && echo 'Autopost module ready' > ~/cashbot-files/Apps/autopost/README.md","~/cashbot-files/Apps/autopost/calendar.csv,~/cashbot-files/Apps/autopost/schedule.json",Ready
24,EMAIL,REACH,Communication,P1,"Professional one-to-one email for business — send, reply, track","You are CASH.BOT — EMAIL MODULE. Get them set up to send/receive professional business email and draft warm replies fast. Walk them: 1) confirm email address, 2) connect it (credentials hidden), 3) draft first real email (quote, thank-you, reply), 4) send it, 5) name the win (business runs on real conversations).","mkdir -p ~/cashbot-files/Apps/email && echo 'Email module ready' > ~/cashbot-files/Apps/email/README.md","~/cashbot-files/Apps/email/sent.csv,~/cashbot-files/Apps/email/drafts.csv",Ready
25,INBOX,REACH,Communication,P2,"One place where ALL replies land — emails, form submissions, responses","You are CASH.BOT — INBOX MODULE. Set up one place where every reply lands so nothing slips through. Walk them: 1) define what replies (business email, form submissions, outreach responses), 2) connect sources (hidden credentials), 3) open from phone (private), 4) send test & watch it land, 5) name the win.","mkdir -p ~/cashbot-files/Apps/inbox && echo 'Inbox module ready' > ~/cashbot-files/Apps/inbox/README.md","~/cashbot-files/Apps/inbox/messages.csv,~/cashbot-files/Apps/inbox/sources.json",Ready
26,COMMUNITY,REACH,Growth,P2,"Public forum they own — audience gathers, asks, buys again","You are CASH.BOT — COMMUNITY MODULE. Stand up a simple community space for their audience. Walk them: 1) decide space purpose & audience, 2) build forum (sign-up, welcome, starter topics, rules), 3) invite first 5 real people, 4) watch for first outside post, 5) name the win (owned audiences buy again & again).","mkdir -p ~/cashbot-files/Apps/community && echo 'Community module ready' > ~/cashbot-files/Apps/community/README.md","~/cashbot-files/Apps/community/members.csv,~/cashbot-files/Apps/community/posts.csv",Ready
27,RESEARCH,REACH,Intelligence,P1,"Lead enrichment & market research — gather honest, decision-ready facts","You are CASH.BOT — RESEARCH MODULE. Take a list of prospects or question and have the machine gather public, sourced facts. Walk them: 1) pick job (enrich LEADS OR answer market question), 2) run it (public info only, sourced), 3) show result, 4) name the win (clarity on what to act on).","mkdir -p ~/cashbot-files/Apps/research && echo 'Research module ready' > ~/cashbot-files/Apps/research/README.md","~/cashbot-files/Apps/research/RUN-DATE.csv",Ready
28,ANALYTICS,REACH,Measurement,P1,"Self-hosted analytics dashboard — see visitors, clicks, behavior privately","You are CASH.BOT — ANALYTICS MODULE. Set up simple, private analytics on their own sites (no third party). Walk them: 1) pick site to measure, 2) install tracker, 3) visit from phone, 4) see yourself in dashboard, 5) name the win (you grow what you measure).","mkdir -p ~/cashbot-files/Apps/analytics && echo 'Analytics module ready' > ~/cashbot-files/Apps/analytics/README.md","~/cashbot-files/Apps/analytics/dashboard.html,~/cashbot-files/Apps/analytics/events.csv",Ready
29,VOICE,REACH,Communication,P2,"Live voice calls with instant transcription — kept, searchable, actioned","You are CASH.BOT — VOICE MODULE. Set them up to talk live with customers and get an instant written transcript. Walk them: 1) name use case (sales, check-ins, interviews), 2) set up voice + transcription (must disclose recording), 3) run real call (with consent), 4) open transcript, 5) name the win.","mkdir -p ~/cashbot-files/Apps/voice && echo 'Voice module ready' > ~/cashbot-files/Apps/voice/README.md","~/cashbot-files/Apps/voice/transcripts/CALL-DATE.txt",Ready
30,PHONE,REACH,Automation,P2,"AI voice cloning for honest uses — voicemail, audio content, accessibility","You are CASH.BOT — PHONE MODULE. Set them up with natural AI voice for honest, disclosed uses only (never to deceive). Walk them: 1) confirm honest use (their voice OR written permission, never impersonate), 2) set up voice + generate test, 3) make first real clip, 4) save it, 5) name the win.","mkdir -p ~/cashbot-files/Apps/phone && echo 'Phone module ready' > ~/cashbot-files/Apps/phone/README.md","~/cashbot-files/Apps/phone/clips/CLIP-DATE.mp3",Ready
31,SUPERFRACTAL,BRAIN,Memory,P0,"Local brain — scans YOUR files, turns them into embeddings, answers from them","You are CASH.BOT — SUPERFRACTAL MODULE. Stand up a local retrieval brain: scans their own files, turns them to vectors, lets local AI answer questions grounded in THEIR work (no cloud, 100% private). Walk them: 1) install Ollama, 2) pull models (chat + embedding), 3) index ~/cashbot-files/, 4) ask real question (only THEIR work would know), 5) name the win.","mkdir -p ~/cashbot-files/Apps/superfractal && curl -fsSL https://ollama.ai/install.sh | sh 2>/dev/null || echo 'Install Ollama manually'","~/cashbot-files/Apps/superfractal/index.db,~/cashbot-files/Apps/superfractal/basins.json",Ready
32,OS SHELL,BRAIN,Integration,P0,"One home screen with dock that launches every module — phone or browser","You are CASH.BOT — OS SHELL MODULE, the capstone. Tie everything they built into ONE home screen with dock, reachable from any device. Walk them: 1) list what's real/working, 2) build shell (dark, mobile-first, dock of icons, brain search bar top), 3) reach from phone (private), 4) drive it, 5) name the final win.","mkdir -p ~/cashbot-files/Apps/shell && echo 'OS Shell module ready' > ~/cashbot-files/Apps/shell/README.md","~/cashbot-files/Apps/shell/index.html,~/cashbot-files/Apps/shell/dock.json",Ready
33,PROMPT-0,INIT,Gateway,P0,"Free front door — brand-new person makes first real money TODAY","You are CASH.BOT. Warm, sharp friend who walks beside someone broke and helps them make their first real money starting TODAY. Path 1: sell what they own (eBay), Path 2: flip thrift finds, Path 3: free sign-up cash. ONE step per message. Celebrate every win out loud — first listing, first sale, first dollar IS the glass break.","echo 'Starting CASH.BOT Prompt 0'","~/cashbot-files/sessions/session-INIT.log",Ready
34,PROMPT-1A,INIT,Cloud Setup,P0,"Set up Vultr cloud RDP — your always-on machine","Help them: 1) get Claude Pro + Vultr accounts, 2) quote monthly cost, 3) create always-on desktop via Vultr API, 4) confirm it's up, 5) move to 1C to connect from phone. ONE step per message.","echo 'Starting CASH.BOT Prompt 1A - Vultr RDP Setup'","~/cashbot-files/sessions/vultr.config",Ready
35,PROMPT-1B,INIT,Build Setup,P0,"Set up always-on machine for building (Docker, code-server ready)","Help them: 1) confirm RDP desktop up, 2) install Docker & containers, 3) install code-server, 4) start IDE, 5) open in browser. ONE step per message.","echo 'Starting CASH.BOT Prompt 1B - Build Environment'","~/cashbot-files/sessions/build.log",Ready
36,PROMPT-1C,INIT,Remote Access,P0,"Connect to cloud desktop from phone via RDP — Microsoft Remote Desktop","Help them: 1) install Microsoft Remote Desktop app, 2) paste desktop IP, 3) log in, 4) see desktop on phone, 5) hand over keyboard/screen control so Claude can drive it.","echo 'Starting CASH.BOT Prompt 1C - Remote Desktop'","~/cashbot-files/sessions/rdp.log",Ready
37,PROMPT-1D,INIT,Signup Help,P0,"Walk them through signing up for the tools they choose","Help them sign up for whichever tools they pick (Claude Pro, Vultr, Kraken, Honeygain, OnePay, etc). Affiliate links. Be upfront, paste URLs full + plainly. ONE step per message.","echo 'Starting CASH.BOT Prompt 1D - Signup'","~/cashbot-files/sessions/signups.log",Ready
38,WALLET-CRYPTO,EARN,Crypto,P1,"Receive payments in stablecoin — turn wallet into payment address","Extension of WALLET module: set up receiving stablecoin payments directly into their crypto wallet address instead of just holding.","mkdir -p ~/cashbot-files/Apps/wallet/stablecoins","~/cashbot-files/Apps/wallet/stablecoins/payments.csv",Ready
39,TRADE-REAL,EARN,Automation,P2,"Move from testnet to real trading with small amount they can lose","Extension of TRADE module: only AFTER understanding bot on testnet, move to real exchange with small funds they explicitly approve.","mkdir -p ~/cashbot-files/Apps/trade/real","~/cashbot-files/Apps/trade/real/live-config.json",Ready
40,PAY-INVOICE-BATCH,EARN,Invoicing,P1,"Send multiple invoices in one run for multiple clients","Extension of PAY module: batch process multiple client invoices from a CSV — faster for teams with multiple clients.","mkdir -p ~/cashbot-files/Apps/pay/batch","~/cashbot-files/Apps/pay/batch/clients.csv,~/cashbot-files/Apps/pay/batch/invoices.zip",Ready
41,IDE-SYNC,BUILD,Development,P1,"Sync IDE projects across devices — cloud backup of code","Extension of IDE: add cloud backup so code is never lost if machine fails.","mkdir -p ~/cashbot-files/Apps/ide/sync","~/cashbot-files/Apps/ide/sync/backup.log",Ready
42,BROWSER-SCHEDULE,BUILD,Research,P1,"Schedule browser to fetch data on a timer (daily prices, leads, etc)","Extension of BROWSER: set fetch jobs to run daily/weekly automatically.","mkdir -p ~/cashbot-files/Apps/browser/scheduled","~/cashbot-files/Apps/browser/scheduled/jobs.csv",Ready
43,FILES-GDRIVE,BUILD,Organization,P1,"Sync FILES to Google Drive for cloud backup","Extension of FILES: mirror ~/cashbot-files/ to Google Drive.","mkdir -p ~/cashbot-files/Apps/files/gdrive","~/cashbot-files/Apps/files/gdrive/sync.log",Ready
44,SITES-REDIRECT,BUILD,Hosting,P0,"Create short links & redirects to track site traffic","Extension of SITES: add link shortener + tracking to see what converts.","mkdir -p ~/cashbot-files/Apps/sites/links","~/cashbot-files/Apps/sites/links/redirects.csv",Ready
45,VNC-BACKUP,BUILD,Remote,P1,"Automated daily desktop screenshots — visual backup of state","Extension of VNC: daily screenshots so they can rewind if something breaks.","mkdir -p ~/cashbot-files/Apps/vnc/screenshots","~/cashbot-files/Apps/vnc/screenshots/backup.log",Ready
46,GENERATORS-SCHEDULE,CONTENT,Bulk Output,P1,"Schedule generator runs — wake up to finished content batch","Extension of GENERATORS: set topics to generate on a timer (nightly, so content ready in morning).","mkdir -p ~/cashbot-files/Apps/generators/scheduled","~/cashbot-files/Apps/generators/scheduled/jobs.csv",Ready
47,CAPTIONS-TRENDING,CONTENT,Social,P1,"Auto-fetch trending topics and caption them daily","Extension of CAPTIONS: watch trending hashtags, auto-generate captions for them.","mkdir -p ~/cashbot-files/Apps/captions/trending","~/cashbot-files/Apps/captions/trending/topics.csv",Ready
48,VIRALSHORTS-IDEAS,CONTENT,Video,P1,"Feed trending TikTok/Shorts ideas into script generator","Extension of VIRALSHORTS: auto-pull trending video topics, auto-generate scripts.","mkdir -p ~/cashbot-files/Apps/viralshorts/trending","~/cashbot-files/Apps/viralshorts/trending/ideas.csv",Ready
49,MARKETINGCOPY-AB,CONTENT,Copywriting,P1,"A/B test headlines — generate 3 versions per offer","Extension of MARKETINGCOPY: for each product, write 3 headline versions + test which converts.","mkdir -p ~/cashbot-files/Apps/marketingcopy/ab-tests","~/cashbot-files/Apps/marketingcopy/ab-tests/results.csv",Ready
50,KEYWORDS-TRENDS,CONTENT,Research,P1,"Find trending keywords in real-time (Google Trends API)","Extension of KEYWORDS: pull Google Trends data to find what people are searching RIGHT NOW.","mkdir -p ~/cashbot-files/Apps/keywords/trends","~/cashbot-files/Apps/keywords/trends/live.csv",Ready
51,DIFFICULTY-CPC,CONTENT,SEO,P1,"Show CPC (cost-per-click) data alongside difficulty scores","Extension of DIFFICULTY: add advertising cost data so they see both traffic difficulty + money potential.","mkdir -p ~/cashbot-files/Apps/difficulty/cpc","~/cashbot-files/Apps/difficulty/cpc/pricing.csv",Ready
52,THUMBNAILIDEA-GENERATED,CONTENT,Design,P1,"Generate actual thumbnail images (not just concepts)","Extension of THUMBNAILIDEA: use IMAGEPROMPT to actually generate the image files.","mkdir -p ~/cashbot-files/Apps/thumbnailidea/images","~/cashbot-files/Apps/thumbnailidea/images/thumb-DATE.png",Ready
53,IMAGEPROMPT-BATCH,CONTENT,AI Images,P1,"Batch-generate all images at once (FLUX, Midjourney, DALL-E API)","Extension of IMAGEPROMPT: send all prompts to API at once, wait for images.","mkdir -p ~/cashbot-files/Apps/imageprompt/generated","~/cashbot-files/Apps/imageprompt/generated/batch-DATE.zip",Ready
54,VIDEOHOOKS-TEST,CONTENT,Copywriting,P1,"A/B test hooks — run 2 versions of same video to see which hooks better","Extension of VIDEOHOOKS: pick top 2 hooks per video, run split tests.","mkdir -p ~/cashbot-files/Apps/videohooks/ab-tests","~/cashbot-files/Apps/videohooks/ab-tests/results.csv",Ready
55,LEADS-FILTER,REACH,Sales,P1,"Filter leads by fit score — only pursue the hot ones first","Extension of LEADS: pre-filter by your custom criteria (e.g. has website + 10+ employees).","mkdir -p ~/cashbot-files/Apps/leads/filtered","~/cashbot-files/Apps/leads/filtered/hot-DATE.csv",Ready
56,SCRAPER-MONITOR,REACH,Data,P1,"Watch competitor sites for changes (redesign, pricing, content)","Extension of SCRAPER: periodically re-scrape competitor sites, flag what changed.","mkdir -p ~/cashbot-files/Apps/scraper/monitor","~/cashbot-files/Apps/scraper/monitor/changes.csv",Ready
57,BLAST-REPLY-TRACK,REACH,Outreach,P1,"Track which prospects replied, auto-tag as warm leads","Extension of BLAST: sort replies into workflow (replied, interested, dead).","mkdir -p ~/cashbot-files/Apps/blast/replies","~/cashbot-files/Apps/blast/replies/tracking.csv",Ready
58,AUTOPOST-ANALYTICS,REACH,Social,P1,"Track which posts got most engagement — double down on winners","Extension of AUTOPOST: pull view counts, likes, replies — see what worked.","mkdir -p ~/cashbot-files/Apps/autopost/analytics","~/cashbot-files/Apps/autopost/analytics/performance.csv",Ready
59,EMAIL-SEQUENCE,REACH,Communication,P1,"Set up email sequence — initial email, wait 3 days, follow-up, etc","Extension of EMAIL: define rules (if no reply in 3 days, send follow-up).","mkdir -p ~/cashbot-files/Apps/email/sequences","~/cashbot-files/Apps/email/sequences/rules.json",Ready
60,INBOX-LABEL,REACH,Communication,P1,"Auto-tag incoming messages (lead, support, payment, etc)","Extension of INBOX: set rules to auto-label incoming messages.","mkdir -p ~/cashbot-files/Apps/inbox/labels","~/cashbot-files/Apps/inbox/labels/rules.json",Ready
61,COMMUNITY-BOT,REACH,Growth,P1,"Auto-reply to common questions in community (FAQ answers)","Extension of COMMUNITY: bot handles FAQ, humans handle real conversations.","mkdir -p ~/cashbot-files/Apps/community/bot","~/cashbot-files/Apps/community/bot/faq.json",Ready
62,RESEARCH-COMPETITOR,REACH,Intelligence,P1,"Deep competitor research — map their offers, pricing, messaging","Extension of RESEARCH: gather detailed competitive intel.","mkdir -p ~/cashbot-files/Apps/research/competitors","~/cashbot-files/Apps/research/competitors/analysis.csv",Ready
63,ANALYTICS-COHORT,REACH,Measurement,P1,"Cohort analysis — compare behavior of different visitor groups","Extension of ANALYTICS: segment visitors (first-time, repeat, paid, organic) and compare.","mkdir -p ~/cashbot-files/Apps/analytics/cohorts","~/cashbot-files/Apps/analytics/cohorts/data.csv",Ready
64,VOICE-COACHING,REACH,Communication,P2,"Record coaching calls and reference them later (searchable)","Extension of VOICE: keep searchable archive of calls with mentors/coaches.","mkdir -p ~/cashbot-files/Apps/voice/coaching","~/cashbot-files/Apps/voice/coaching/archive.csv",Ready
65,PHONE-GREETING,REACH,Automation,P1,"AI voicemail greeting in your voice (cloned safely)","Extension of PHONE: AI voicemail so people reach you even when offline.","mkdir -p ~/cashbot-files/Apps/phone/voicemail","~/cashbot-files/Apps/phone/voicemail/greeting.mp3",Ready
66,SUPERFRACTAL-BRAIN-SEARCH,BRAIN,Memory,P1,"Ask your brain complex questions across all your work","Extension of SUPERFRACTAL: multi-query brain (find all my interactions with Client X, etc).","mkdir -p ~/cashbot-files/Apps/superfractal/searches","~/cashbot-files/Apps/superfractal/searches/history.csv",Ready
67,OS-WIDGET,BRAIN,Integration,P0,"Floating widget dock — dock always visible, drag-accessible","Extension of OS SHELL: widget dock you can move anywhere, always visible.","mkdir -p ~/cashbot-files/Apps/shell/widget","~/cashbot-files/Apps/shell/widget/config.json",Ready
68,SITES-SEO,BUILD,Hosting,P1,"Auto-generate SEO tags + sitemap for each site","Extension of SITES: add meta descriptions, og tags, robots.txt, sitemap.xml.","mkdir -p ~/cashbot-files/Apps/sites/seo","~/cashbot-files/Apps/sites/seo/metadata.json",Ready
69,LEAD-QUALITY-SCORE,REACH,Sales,P2,"ML-based lead scoring — predict which leads will close","Extension of LEADS: train simple model on your past deals, score new leads.","mkdir -p ~/cashbot-files/Apps/leads/ml-scoring","~/cashbot-files/Apps/leads/ml-scoring/model.pkl",Ready
70,GENERATORS-BRAND-VOICE,CONTENT,Bulk Output,P1,"Lock in your brand voice — all generators use consistent tone","Extension of GENERATORS: define your voice once, all content matches it.","mkdir -p ~/cashbot-files/Apps/generators/brand","~/cashbot-files/Apps/generators/brand/voice-guide.md",Ready
71,SCRAPER-FORM-AUTO,REACH,Data,P0,"Auto-fill contact forms at scale (legal, disclosed, no spam)","Extension of SCRAPER: fill out site contact forms with your offer.","mkdir -p ~/cashbot-files/Apps/scraper/form-fills","~/cashbot-files/Apps/scraper/form-fills/results.csv",Ready
72,EMAIL-CALENDAR-LINK,REACH,Communication,P1,"Email includes calendar link so clients book their own time","Extension of EMAIL: attach Calendly link so no back-and-forth.","mkdir -p ~/cashbot-files/Apps/email/calendar","~/cashbot-files/Apps/email/calendar/links.csv",Ready
73,COMMUNITY-STATS,REACH,Growth,P1,"Dashboard showing community growth, activity, engagement","Extension of COMMUNITY: see member count, daily posts, conversation health.","mkdir -p ~/cashbot-files/Apps/community/stats","~/cashbot-files/Apps/community/stats/dashboard.html",Ready
74,BROWSER-PRICE-ALERT,BUILD,Research,P1,"Watch competitor prices, alert you when they drop","Extension of BROWSER: monitor prices on X URLs, notify you of changes.","mkdir -p ~/cashbot-files/Apps/browser/price-alerts","~/cashbot-files/Apps/browser/price-alerts/watches.csv",Ready
75,PAY-PAYMENT-PLAN,EARN,Invoicing,P2,"Create payment plans — invoice them $100/mo instead of $1k upfront","Extension of PAY: break invoices into installments.","mkdir -p ~/cashbot-files/Apps/pay/plans","~/cashbot-files/Apps/pay/plans/plans.csv",Ready
76,TERMINAL-ALIASES,BUILD,System,P0,"Create custom shortcuts (alias claude-sales='claude < my-sales-prompt')","Extension of TERMINAL: set up quick-run commands for common jobs.","mkdir -p ~/cashbot-files/Apps/terminal/aliases && echo 'alias cashbot-sales=\"claude < ~/cashbot-files/prompts/sales.txt\"' >> ~/.bashrc","~/cashbot-files/Apps/terminal/aliases.sh",Ready
77,WALLET-MULTI,EARN,Crypto,P1,"Manage multiple wallets (main, savings, client trust)","Extension of WALLET: set up separate wallets for different purposes.","mkdir -p ~/cashbot-files/Apps/wallet/multi","~/cashbot-files/Apps/wallet/multi/wallets.csv",Ready
78,TRAFFIC-TO-REVENUE,REACH,Measurement,P2,"Calculate: traffic → conversions → revenue per visitor","Extension of ANALYTICS: track actual dollars per visit.","mkdir -p ~/cashbot-files/Apps/analytics/revenue","~/cashbot-files/Apps/analytics/revenue/tracking.csv",Ready
79,PROMPT-BANK,REACH,Automation,P1,"Store your best outreach templates (personalize + send)","Extension of BLAST & EMAIL: save winning prompts, reuse them.","mkdir -p ~/cashbot-files/Apps/blast/templates","~/cashbot-files/Apps/blast/templates/bank.csv",Ready
80,CALENDAR-BLOCK,REACH,Planning,P1,"Block time on calendar for specific work (e.g. client day Wednesday)","Extension of EMAIL: visual calendar blocks for deep work.","mkdir -p ~/cashbot-files/Apps/email/calendar-blocks","~/cashbot-files/Apps/email/calendar-blocks/schedule.json",Ready
81,CONTENT-CALENDAR,CONTENT,Planning,P1,"Visual calendar of what posts when (whole month at a glance)","Extension of AUTOPOST: see the full month of scheduled posts.","mkdir -p ~/cashbot-files/Apps/autopost/calendar-visual","~/cashbot-files/Apps/autopost/calendar-visual/month.html",Ready
82,LEADS-TERRITORY,REACH,Sales,P1,"Map leads by geography — assign territories to team","Extension of LEADS: show leads on map, manage coverage.","mkdir -p ~/cashbot-files/Apps/leads/territories","~/cashbot-files/Apps/leads/territories/map.html",Ready
83,INVOICE-TEMPLATE,EARN,Invoicing,P0,"Create custom invoice design (logo, colors, terms)","Extension of PAY: white-label invoices with your branding.","mkdir -p ~/cashbot-files/Apps/pay/templates","~/cashbot-files/Apps/pay/templates/custom.html",Ready
84,EXPENSE-TRACKER,EARN,Finance,P1,"Track all business expenses — deduct from revenue to see real profit","Extension of PAY: simple bookkeeping.","mkdir -p ~/cashbot-files/Apps/pay/expenses","~/cashbot-files/Apps/pay/expenses/ledger.csv",Ready
85,SLACK-INTEGRATION,BUILD,Integration,P1,"Send all notifications (new lead, payment landed, post went live) to Slack","Extension of all modules: consolidate alerts.","mkdir -p ~/cashbot-files/Apps/integrations/slack","~/cashbot-files/Apps/integrations/slack/config.json",Ready
86,DISCORD-BOT,REACH,Growth,P1,"Bot in your Discord community — answers FAQs, announces posts","Extension of COMMUNITY: Discord mirror of your community.","mkdir -p ~/cashbot-files/Apps/integrations/discord","~/cashbot-files/Apps/integrations/discord/bot.json",Ready
87,GDRIVE-BACKUP,BUILD,Organization,P1,"Auto-backup ~/cashbot-files to Google Drive nightly","Extension of FILES: cloud backup of everything.","mkdir -p ~/cashbot-files/Apps/files/gdrive-backup","~/cashbot-files/Apps/files/gdrive-backup/log.csv",Ready
88,PHONE-SMS,REACH,Communication,P1,"Send SMS to warm leads (invite to community, remind of offer)","Extension of PHONE: SMS outreach at careful pace.","mkdir -p ~/cashbot-files/Apps/phone/sms","~/cashbot-files/Apps/phone/sms/history.csv",Ready
89,LEAD-CADENCE,REACH,Outreach,P1,"Define follow-up cadence (email day 1, call day 3, email day 7)","Extension of BLAST: orchestrated multi-touch sequence.","mkdir -p ~/cashbot-files/Apps/blast/cadence","~/cashbot-files/Apps/blast/cadence/rules.json",Ready
90,SITE-FORM-CAPTURE,BUILD,Hosting,P1,"Contact form on site → auto-add to LEADS, send to INBOX","Extension of SITES: forms feed your pipeline.","mkdir -p ~/cashbot-files/Apps/sites/forms","~/cashbot-files/Apps/sites/forms/submissions.csv",Ready
91,PRODUCT-FEEDBACK,CONTENT,Research,P1,"Collect feedback from customers (what to improve, what to sell next)","Extension of COMMUNITY & VOICE: structured feedback tool.","mkdir -p ~/cashbot-files/Apps/research/feedback","~/cashbot-files/Apps/research/feedback/responses.csv",Ready
92,RANK-TRACKER,CONTENT,SEO,P1,"Watch your keyword rankings over time (which keywords you rank for)","Extension of DIFFICULTY: track progress on your keywords.","mkdir -p ~/cashbot-files/Apps/keywords/rankings","~/cashbot-files/Apps/keywords/rankings/tracker.csv",Ready
93,AFFILIATE-TRACKER,REACH,Sales,P1,"Track affiliate links you promote (clicks, commissions)","Extension of MARKETINGCOPY & AUTOPOST: affiliate income tracking.","mkdir -p ~/cashbot-files/Apps/analytics/affiliates","~/cashbot-files/Apps/analytics/affiliates/tracking.csv",Ready
94,TEAM-CAPACITY,BUILD,Planning,P0,"Track team bandwidth — who's swamped, who has capacity","Extension of TERMINAL/COMMAND: team workload visibility.","mkdir -p ~/cashbot-files/Apps/shell/team","~/cashbot-files/Apps/shell/team/capacity.csv",Ready
95,TASK-QUEUE,BUILD,Planning,P1,"Task queue with priority — what to do next (urgent/important matrix)","Extension of TERMINAL: structured task workflow.","mkdir -p ~/cashbot-files/Apps/shell/tasks","~/cashbot-files/Apps/shell/tasks/queue.csv",Ready
96,CLIENT-PORTAL,REACH,Communication,P1,"Client login → they see their project status, invoices, deliverables","Extension of FILES & PAY: client-facing dashboard.","mkdir -p ~/cashbot-files/Apps/sites/client-portal","~/cashbot-files/Apps/sites/client-portal/portal.html",Ready
97,LIFETIME-VALUE,REACH,Sales,P1,"Calculate LTV per customer (how much you earned from each repeat)","Extension of ANALYTICS & PAY: customer value metric.","mkdir -p ~/cashbot-files/Apps/analytics/ltv","~/cashbot-files/Apps/analytics/ltv/data.csv",Ready
98,CHURN-PREDICTION,REACH,Sales,P2,"Predict which customers will cancel or go dormant","Extension of ANALYTICS: retention focus.","mkdir -p ~/cashbot-files/Apps/analytics/churn","~/cashbot-files/Apps/analytics/churn/predictions.csv",Ready
99,UPSELL-OPPORTUNITY,REACH,Sales,P1,"Identify customers ready for upsell (bought 3x, high engagement)","Extension of ANALYTICS: growth opportunity finder.","mkdir -p ~/cashbot-files/Apps/analytics/upsell","~/cashbot-files/Apps/analytics/upsell/candidates.csv",Ready
100,REFUND-POLICY,EARN,Finance,P1,"Define & track refunds (policy, requests, approvals)","Extension of PAY: refund workflow.","mkdir -p ~/cashbot-files/Apps/pay/refunds","~/cashbot-files/Apps/pay/refunds/policy.md",Ready
101,TAX-SUMMARY,EARN,Finance,P1,"Annual tax summary (income, expenses, profit) — hand to accountant","Extension of PAY & EXPENSE-TRACKER: tax prep.","mkdir -p ~/cashbot-files/Apps/pay/tax","~/cashbot-files/Apps/pay/tax/summary.csv",Ready
102,BILLING-REMINDER,REACH,Communication,P1,"Auto-send payment reminder 3 days before due date","Extension of EMAIL: payment collection workflow.","mkdir -p ~/cashbot-files/Apps/email/billing-reminders","~/cashbot-files/Apps/email/billing-reminders/log.csv",Ready
103,ONBOARDING-SEQUENCE,REACH,Communication,P1,"Welcome sequence for new customers (7 days, 3 emails, 1 call)","Extension of EMAIL & VOICE: customer success.","mkdir -p ~/cashbot-files/Apps/email/onboarding","~/cashbot-files/Apps/email/onboarding/sequence.json",Ready
104,TESTIMONIAL-REQUEST,REACH,Communication,P1,"Request testimonials from happy customers (auto-send template)","Extension of EMAIL: case-building.","mkdir -p ~/cashbot-files/Apps/email/testimonials","~/cashbot-files/Apps/email/testimonials/requests.csv",Ready
105,REVIEW-REQUEST,REACH,Communication,P1,"Ask customers to leave reviews on Google, Yelp, TrustPilot","Extension of EMAIL: reputation building.","mkdir -p ~/cashbot-files/Apps/email/reviews","~/cashbot-files/Apps/email/reviews/requests.csv",Ready
106,COLD-CALL-SCRIPT,REACH,Outreach,P1,"Script generator for cold calls (VOICE module reads it for you)","Extension of VOICE & BLAST: phone outreach.","mkdir -p ~/cashbot-files/Apps/phone/scripts","~/cashbot-files/Apps/phone/scripts/library.csv",Ready
107,MEETING-PREP,REACH,Planning,P1,"Before meeting: pull lead intel, past conversation notes, your best pitch","Extension of RESEARCH & EMAIL: meeting docs.","mkdir -p ~/cashbot-files/Apps/voice/meeting-prep","~/cashbot-files/Apps/voice/meeting-prep/templates.csv",Ready
108,FOLLOWUP-AFTER-CALL,REACH,Communication,P1,"Auto-draft follow-up email based on call transcript (VOICE output)","Extension of VOICE & EMAIL: sales workflow.","mkdir -p ~/cashbot-files/Apps/email/auto-followup","~/cashbot-files/Apps/email/auto-followup/log.csv",Ready
109,WIN-LOSS-ANALYSIS,REACH,Sales,P2,"Analyze: why did we win this? Why did we lose that? (patterns)","Extension of ANALYTICS & PAY: sales intel.","mkdir -p ~/cashbot-files/Apps/analytics/win-loss","~/cashbot-files/Apps/analytics/win-loss/analysis.csv",Ready
110,MONTHLY-REVENUE-TARGET,REACH,Planning,P1,"Set revenue target, track progress, show remaining $ to hit goal","Extension of PAY & ANALYTICS: goal tracking.","mkdir -p ~/cashbot-files/Apps/analytics/targets","~/cashbot-files/Apps/analytics/targets/monthly.csv",Ready
111,BURNDOWN-CHART,BUILD,Planning,P1,"Burndown of remaining work (tasks/bugs/features left to ship)","Extension of TASK-QUEUE: project health.","mkdir -p ~/cashbot-files/Apps/shell/projects","~/cashbot-files/Apps/shell/projects/burndown.csv",Ready
112,SLACK-STANDUP,BUILD,Communication,P1,"Daily standup: auto-post to Slack (what you did, blockers, next)","Extension of SLACK-INTEGRATION: team sync.","mkdir -p ~/cashbot-files/Apps/integrations/slack/standups","~/cashbot-files/Apps/integrations/slack/standups/log.csv",Ready
113,DAILY-DIGEST,REACH,Intelligence,P1,"Morning email summary (new leads, replies, payments, tasks)","Extension of EMAIL & INBOX: daily briefing.","mkdir -p ~/cashbot-files/Apps/email/digests","~/cashbot-files/Apps/email/digests/schedule.json",Ready
114,WEEKLY-REPORT,REACH,Measurement,P1,"Weekly report (revenue, new leads, growth %, next week focus)","Extension of ANALYTICS & AUTOPOST: business health.","mkdir -p ~/cashbot-files/Apps/analytics/weekly","~/cashbot-files/Apps/analytics/weekly/reports.csv",Ready
115,QUARTERLY-PLAN,REACH,Planning,P0,"Q plan with goals, revenue target, focus areas, resources","Extension of TASK-QUEUE & ANALYTICS: strategic planning.","mkdir -p ~/cashbot-files/Apps/shell/planning","~/cashbot-files/Apps/shell/planning/q-goals.md",Ready
116,ANNUAL-REVIEW,REACH,Planning,P0,"Year review: revenue, growth, wins, lessons, next year plan","Extension of ANALYTICS: annual retrospective.","mkdir -p ~/cashbot-files/Apps/analytics/annual","~/cashbot-files/Apps/analytics/annual/review.md",Ready
117,ADVICE-REQUEST,BRAIN,Support,P1,"Ask the brain for advice on business decision (brain knows your whole history)","Extension of SUPERFRACTAL: decision support.","mkdir -p ~/cashbot-files/Apps/superfractal/advice","~/cashbot-files/Apps/superfractal/advice/log.csv",Ready
118,SKILL-TRACKER,BRAIN,Development,P1,"Track skills you're building (coding, sales, writing, copywriting)","Extension of SUPERFRACTAL: personal development.","mkdir -p ~/cashbot-files/Apps/superfractal/skills","~/cashbot-files/Apps/superfractal/skills/progress.csv",Ready
119,GOAL-OKR,REACH,Planning,P0,"OKRs (Objectives & Key Results) for quarter/year","Extension of QUARTERLY-PLAN & TASK-QUEUE: goal framework.","mkdir -p ~/cashbot-files/Apps/shell/planning/okr","~/cashbot-files/Apps/shell/planning/okr/current.json",Ready
120,SYSTEM-HEALTH,BUILD,Operations,P1,"Check if all modules are up and running (heartbeat monitoring)","Extension of OS SHELL: system status dashboard.","mkdir -p ~/cashbot-files/Apps/shell/health","~/cashbot-files/Apps/shell/health/status.json",Ready
121,LOG-EXPORT,BUILD,Operations,P1,"Export all logs for the month (to give to accountant/auditor)","Extension of FILES: compliance.","mkdir -p ~/cashbot-files/logs/export","~/cashbot-files/logs/export/monthly.zip",Ready
122,EMERGENCY-BACKUP,BUILD,Operations,P0,"One-click emergency backup of entire ~/cashbot-files/ to external drive","Extension of FILES: disaster recovery.","mkdir -p ~/cashbot-files/Apps/files/emergency && echo 'Emergency backup ready' > ~/cashbot-files/Apps/files/emergency/.ready","~/cashbot-files/Apps/files/emergency/backup.log",Ready
